Name,Ratings,no_ratings,Selling Price,MRP,Discount
MUSCLEBLAZE Super Gainer XXL Weight Gainers/Mass Gainers,4,179795,893,"1,719",48
"MUSCLEBLAZE Beginner's Whey Protein, No Added Sugar Whey Protein",4.2,60216,"1,693","2,279",25
WOW Life Science Omega-3 1000mg Capsules with Fish oil - EPA + DHA Enriched,4.4,20868,749,899,16
BIGMUSCLES NUTRITION Omega-3 Fish Oil Triple Strength|High Strength DHA EPA Supplement|Mercury Free,4.3,8602,339,615,44
MUSCLEBLAZE Beginner's Whey Protein,4.2,60216,749,849,11
"BIGMUSCLES NUTRITION Purely Whey | Isolate Whey Matrix 25g Protein, 12.2g EAA, 4g Glutamine, 0g Sugar Whey Protein",3.9,16236,"1,349","2,299",41
"POWERLIFT Mass Gainer for Muscle Mass Gain with Shaker, High Protein with Multivitamins Weight Gainers/Mass Gainers",4.3,481,749,"1,599",53
Zenith Nutrition  Whey Protein with Enzymes | 26gm protein - 1050gms (Double Rich Chocolate) Whey Protein,4.2,2373,"1,775","2,499",28
"MUSCLEBLAZE Super Gainer Black with EGF™, for Muscle Mass Gain Weight Gainers/Mass Gainers",4.2,641,999,"1,849",45
BOLDESSENTIALS Melatonin 10mg With Tagar 250mg & Vitamin B6 2mg For Healthy Sleep Cycle,3.6,2413,299,599,50
Optify Monthly Disposable,4,94,182,499,63
MUSCLEBLAZE Mass Gainer XXL Weight Gainers/Mass Gainers,4,39328,"4,499","6,649",32
Optify Monthly Disposable,3.9,2017,299,599,50
AGRI CLUB Psyllium Husk (Isabgol Bhusi) 250gm/8.81oz,4.3,990,275,390,29
"MUSCLEBLAZE Biozyme Performance Whey Protein, 1 kg with Shaker, 650 ml Whey Protein",4.4,920,"2,699","3,199",15
Redtize Ayurvedic Product For Ling Mota Lamba Karne Ki Dawa,3.8,34,349,999,65
"MUSCLEBLAZE Biozyme Performance Whey Protein, Informed Choice UK Certified Whey Protein",4.4,10028,"2,649","3,449",23
"valuehut Health Product Heat Hot Water Bottle Electric Rechargeable Heating Pads, Relief Wrap Rechargeable Heating Bag 1000 ml Hot Water Bag (Multicolor) Hot Water Bag 1000 ml Hot Water Bag",4,4,205,789,74
"AXIOM Royal Ayurvedic Chyawanprash 1kg | 2X Immunity | Made With Deshi Cow Ghee(A2 Ghee), Kashmiri Saffron & Wild Natural Honey | WHO GMP, GLP Certified Product | No Artificial Colour & Flavours",4.5,370,"1,424","2,000",28
MUSCLEBLAZE Raw Whey Isolate 90% with Digestive Enzymes Whey Protein,4.2,9294,"1,549","1,929",19
"Purna Gummies Vitamin C Orange & Zinc for Adults & Kids, Immunity Boost, Skincare, 30 Veg Gummy",4.4,2787,499,498,60
A.K. CONCORD Adult Diaper Pant - Extra Large -10's Pcs (120-183 Cms || 47-72 inch) Adult Diapers - XL,4.1,296,379,799,52
"AXIOM Royal Ayurvedic Chyawanprash 250gm | 2X Immunity | Made With Deshi Cow Ghee(A2 Ghee), Kashmiri Saffron & Wild Natural Honey | WHO GMP, GLP Certified Product | No Artificial Colour & Flavours",4.1,70,464,499,7
Vokin Biotech Exipure Capsules Increase Metabolism | Weight Loss Supplement,4.4,16,768,"1,499",48
Signia Hearing Aid Battery 13- Pack of 18 Batteries 10966599-Hear.com Stethoscope Case,4.3,195,282,918,69
ALLEN Snorid Drops,3.9,180,340,380,10
"MUSCLEBLAZE Liquid L-Carnitine 1100 mg, Helps Convert Fat into Energy",4.2,948,829,"1,079",23
Dawakhana Tibbiya College Dimagheen (400gm) Herbal Brain Tonic,4.3,4,348,399,52
GNC Mega Men Sport Multivitamin for Active Adults (60 Tablets),4.4,156,899,"1,399",35
"MUSCLEBLAZE Liquid L-Carnitine, 450 ML (Lemon Lime)",4.2,1947,829,"1,079",23
"NATURYZ Triple Strength ZMA Plus supplement with Magnesium, Tribulus & other Ingredients",4.2,350,599,"1,199",50
Optify Monthly Disposable,3.6,1716,180,599,69
AGLEY Best Product for Green Tea Sticks Face Shaping Mask Face Shaping Mask  Face Shaping Mask,3.8,12,183,999,81
Hindustan Ayurveda Sfido Shilajit Ayurvedic Product Men's Stamina Increase Pack of 1,4.8,8,299,"1,999",85
"Greeniche Thermogenic Fat Burner with L-Carnitine, Garcinia, Green Tea & more Ingredients",4.3,968,499,"1,800",72
US KART 100% Whey Protein Concentrate with Strawberry Flavor (1kg) Whey Protein,4.2,20,"1,299","3,249",60
NATURAL AND HERBAL PRODUCTS Blackberry Seeds for Eating | Drink | Heart | Diabetes | Weight Loss | Skin,4.4,7,117,599,80
"End2End Nutrition Testo-10X Ayurvedic Testosterone Booster with Tribulus, Ashwagandha and Ginseng",4.3,3185,284,599,52
HealthVit C-Vitan-Z Vitamin C 500mg and Zinc 60 Tablets,4.1,760,175,250,30
Sheopals Herbal Diabetic Care Control Capsule,4.1,7,"2,190","2,499",12
Kerala Ayurveda Brahmi Pearls,4.4,54,272,340,20
"HERBALIFE Vanilla, protein cinemon Protein Shake",3.9,19,"2,483","4,476",44
MyFitFuel MFF Whey Protein 80 Whey Protein,4.2,1359,"1,789","2,099",14
MyFitFuel MFF Whey Protein 80 Whey Protein,4.2,1359,"1,889","2,049",7
IndiHerbo Dimagheen (400g),4.1,539,633,696,9
HERBALIFE WOMENS CHOICE (Soy isoflavones and Chasteberry (Vitex agnus-castus L)),4.5,20,794,"1,298",38
"POWERLIFT Omega 3 Fish Oil 1000mg ( 360mg EPA & 240mg DHA, 120 Softgel )",4.2,327,569,"1,198",52
MUSCLEBLAZE Mass Gainer XXL Weight Gainers/Mass Gainers,4,39328,"2,899","4,399",34
Expertomind Compression Stockings for Varicose Veins |Stockings for Pain Relief & Support,3.8,28,429,"1,599",73
Sharrypappu Monthly Disposable,3.9,1892,242,499,51
Nirvasa Maca Root Capsules Enriched with Maca Root Extract for Men,4.3,440,429,"1,099",60
MInd power Extra Memory Booster Tonic Fortified With Shankhpushpi,4.1,584,199,410,51
Dawakhana DIMAGHEEN (400gm),4.3,13,991,"1,044",5
US KART 100% Whey Protein Concentrate with Chocolate Flavour (2kg) Whey Protein,3.9,1892,"2,479","6,199",60
US KART Weight Gainer High Protein Muscle Formula with Strawberry Flavor (1 kg) Weight Gainers/Mass Gainers,3.9,279,599,"1,499",60
Optify Monthly Disposable,3.9,92,199,599,66
"MuscleXP Mass Gainer - With 26 Vitamins and Minerals, Double Chocolate, Pouch + Shaker Weight Gainers/Mass Gainers",4.2,14,"1,499","1,799",16
MUSCLEBLAZE Weight Gainer with Added Digezyme Weight Gainers/Mass Gainers,4,66658,"2,499","3,599",30
"Swisse Me Plant Protein -Daily Nutrition For Men & Women -100% Natural,Zero Added Sugar",4.8,42,849,"1,499",43
Rudraa Livea Liver Tonic for Fatty Liver Health Product,4.9,8,272,450,39
Dr.Willmar Schwabe India Sabal Serrulata Q Mother Tincture,4.5,25,494,600,17
"Black mirror IRON, VIT B12, FOLIC ACID, VIT C, ZINC, BEET ROOT EXT. SUPPLIMENTS TABLETS",4.1,23,170,311,45
Nutriherbs Nano Curcumin 100% Natural Turmeric Extract 60 Capsules (Pack of 2),4.2,64,597,"3,398",82
Basic Ayurveda Shankhpushpi Ka Sharbat (Syrup 225ml),3.6,34,555,560,62
MInd power Extra Mind Booster Brain Tonic Fortified With Shankhpushpi,3.8,123,199,410,51
Pee Safe Feminine Cramp Relief Roll On with Ayurveda Extracts - 10ml (Pack of 2) |100% Herbal Period Pain Reliever Balm,4.2,1064,292,398,26
"MUSCLEBLAZE Whey Gold, 100% Whey Protein Isolate, 1 kg with Shaker, 650 ml Whey Protein",4.3,534,"3,399","4,399",22
Optify Monthly Disposable,4,517,299,599,50
HERBALIFE Joint Support Tablets Glucosamine Supplements,4.8,8,"1,311","2,563",48
Ayurgenharbal Body growth powder powder Shilajit / body growth powder for men/ body growth powder ayurvedic Shilajit gold powder/ shilajit powder/ shilajit gold powder,4.2,15,162,499,67
"DOCTOR'S CHOICE Hi-Protein Meal Replacement Shake (Blueberry) Sugar Free, Dietary Supplement",4.4,148,"1,448","1,999",27
Optify Monthly Disposable,3.9,73,173,399,56
Dawakhana Tibbiya Dimagheen (400G) PACK OF 8,4.1,35,"1,322","1,392",5
Bigflex Essential 31 Servings BCAA,4.2,645,687,"1,249",44
AMBIC Akira Memory Booster Ayurvedic Brain Tonic for Kids & Adults -600ML,4.6,12,359,420,14
The Old Natural Quick Sleep Essential Oil Roll-on,4.1,34,287,399,28
Vogue Wellness Andro Plus Brain Booster Supplement Brain Tonic Pack Of 1,4.6,14,396,998,60
Greeniche Green Coffee Bean Extract 800mg for Weight Loss - 90 Capsules,4,1242,499,"1,865",73
NATURAL AND HERBAL PRODUCTS Safed Musli Powder for Weight Gain | Eating | Drink | Body Building | Immunity,4.1,61,323,799,59
Signia Hearing Aid Battery 13- Pack of 36 Batteries 10966599-Hear.com Stethoscope Case,4.3,64,577,"1,836",68
R A Products Mucus Plasma Pen Face Skin 9 Level Lcd Laser Beauty Dark Spot Remover Mole Tattoo Removal Machine Facial Freckle Tag Wart Removal Mucus Removal Device Mucus Removal Device,4.2,43,949,"4,500",78
ADVANCE MUSCLEMASS BCAA 2 : 1 : 1 | Energy drink for Workout | 8 G BCAA | with Shaker | BCAA,3.8,838,649,"2,100",69
"SOCHEP Neck and Shoulder Relaxer, Cervical Traction Device for TMJ Pain Relief Neck Support",3.9,11,539,"1,399",61
"POWERLIFT BCAA Pro With Electrolyte & Glutamine,Muscle Recovery, Reducing Muscle Breakdown BCAA",4.3,108,699,"2,299",69
M.D. Pharmaceutical Ayurveda Brahmi Sharbat (Juice) | Helps Relieve Stress and Support Memory (200ml X 3),4.7,10,327,390,16
Zemaica Healthcare high top vanilla flavor pack of 1 max product,5,3,499,"1,999",75
NutritJet Multivitamins For Women with probiotics,4.5,8,426,999,57
ANS duckback hot water bag non electrical 0.5 L Hot Water Bag,4.1,73,395,449,12
"Health Ayurveda Sfido Shilajit, Men's Stamina Power, Ayurvedic Product, 30 Pack of 1",4.2,11,299,"1,999",85
"MUSCLEBLAZE Biozyme Performance Whey Protein, Informed Choice UK Whey Protein",4.4,10028,"1,999","2,499",20
t&d products HOT WATER BAG/POUCH NON ELECTRICAL 2 L Hot Water Bag,4,169,225,720,68
AlexVyan Hot Water Bottle with Cover for Pain Relief leak-proof and high quality product- Hot Water Bag Water Bag 2000 Hot Water Bag,3.8,467,349,399,12
"NATURAL AND HERBAL PRODUCTS Harad Powder | Haritaki | Terminalia Chebula | Harade | Myrobalan | Kadukkai for Eating, Digestion, Hair Care, Liver, Stamina, Diabetes, Weight Loss and Immunity Booster",4.8,17,179,299,40
HERBALIFE Formula 1 Orange and protein powder 200 and afresh Lemon. Plant-Based Protein,4.2,49,"2,429","4,476",45
PrimeSurgicals IN/PC/8701 Electric Heat Bag Hot Gel Massager For Winter Aches Reliever Rectangle Shaped with warranty 1 ml Hot Water Bag,3.8,50,210,799,73
MyFitFuel MFF Whey Protein 80 Whey Protein,4.2,1359,"5,276","6,199",14
"POWERLIFT Omega 3 Fish Oil 1000mg [360mg EPA & 240mg DHA, 60 Softgel]",4.2,327,299,599,50
IRON LIFTERS Calcium Magnesium Zinc & Vitamin D3 Supplement Tablet (90 Tablets),4.8,140,390,600,35
Sharrypappu Monthly Disposable,4,516,299,599,50
SBL Thuja Occidentalis 200 CH Dilution,4.1,187,165,200,17
Kehma enterprise MINI RUBBER WATER BAG Hot Water Bags 500 ml Hot Water Bag,4.3,115,238,399,40
NATURAL AND HERBAL PRODUCTS Amla Powder for Eating | Drink | Hair Growth | Hair Strong,4.1,19,178,499,64
"MUSCLEBLAZE Raw Whey Protein Concentrate 80%, 1 kg with Creatine Monohydrate, 100 g Whey Protein",4.2,598,"2,748","3,748",26
"Hindustan Ayurveda Slim Fat Loss, Body Weight Loss Product, Fat, Flavor Banana,Pack of 2 Whey Protein",4.3,34,450,"3,998",88
SBL Sleeptite Tablets,4.1,7,340,465,26
"sanat products ltd. Sunova Diabetic Care Formula, 60 Veg Capsules…",4,206,475,699,32
US KART Creatine HCL Boost Power Increase Muscle & Strength 300gm and Longer Workout Creatine,4.2,20,739,"1,849",60
ActrovaX IVX™-461-HY-Heat Bags with soft velvet hand pocket Electrical 2000 ml Hot Water Bag,4.3,7,584,"1,199",51
"The Old Natural Migraway Roll on for instant relief from Migraine, Headache & Stress",4.3,36,287,399,28
TWINKLE Durable Thick Rubber Hot Water Bottle Bag (PACK OF 2) Warm Relaxing Heat Cold Therapy Water Bags for Unisex-MULTICOLOR PAIN RELIEF BAG 2000 ml Hot Water Bag,5,3,238,699,65
Dr.Willmar Schwabe India Thuja Occidentalis 200 CH Dilution,4.3,29,269,315,14
"MuscleXP Original Whey Isolate Protein 90% With Digestive Enzyme, 1Kg Pouch Whey Protein",4.3,79,"3,799","2,672",48
Optify Monthly Disposable,4.1,13,199,399,50
MyFitFuel MFF Whey Protein 80 Whey Protein,4.2,1359,"8,797","9,449",6
MyFitFuel MFF Whey Protein 80 Whey Protein,4.2,1359,"7,208","7,799",7
MyFitFuel MFF Whey Protein 80 Whey Protein,4.2,1359,"5,519","5,999",8
"JIVA Memorica Tablets - Enhance Your Memory Naturally - Improves Memory, Retention & Intelligence - 120 Tablets Each - Pack of 2",4,128,190,200,5
"SPJ ENTERPRISE Reusable First Aid Ice Bag Heat Pack For Knee,Head & Leg Pack Of 1 Small Body Pain Relief Heat 200 ml Hot Water Bag",3.6,5,228,999,77
Dr.Willmar Schwabe India Passiflora Incarnata Q Mother Tincture,5,6,307,360,14
inlazer Boost XXX Capsules Weight Gainer Products For Strong Muscles Protein Supplement Weight Gainers/Mass Gainers,4.5,32,269,999,73
WORLD NUTRITION Pro Whey Whey Protein,3.9,148,"1,539","2,200",30
Hindustan Ayurveda Speed Growth Height Medicine (100g Banana) Pack Of 2 Weight Gainers/Mass Gainers,3.7,111,"1,399","3,998",65
herblap Weight loss Garcinia extract capsules,3.9,80,435,"1,899",77
TreasureHerbs Fat Burner Weight Loss Product Garcinia Combogia & Apple Cider Vinegar Supplements,3.8,202,410,999,58
69 Products Kama Gold Ayurvedic Capsules For men ling long oil men lamba medicine capsule,4.2,1910,"1,499","5,900",74
NATURAL AND HERBAL PRODUCTS Arjun Chhal Powder for Drink | Arjuna | Tea | Diabetes | Weight Loss| Face Pack,4.2,6,199,599,66
"The Old Natural Quick Sleep Roll on for Instant Sleep, Stress Relief, Relaxation",4.1,34,"1,368","1,995",31
"Health Ayurveda Sfido Shilajit, Men's Stamina Power, Ashwagandha Product, 60 Pack of 2",4,4,449,"3,998",88
AXIOM Mukti Gold Combo | Herbal Hairwash 500 +Pearly Bodywash 250 + Herbal Oil 100 ml | Suitable for All Skin and Hair Type | Natural WHO GLP GMP ISO Certified Product,3.9,23,369,440,16
R A Products Electric Freckle Skin Tag Remover Mole Dark Spot Wart Speckle Tattoo Removal Pen Multi-Speed Adjustable Reusable Medical Tray,3.9,27,794,"2,999",73
MyFitFuel MFF Whey Protein 80 Whey Protein,4.2,1359,"3,627","3,899",6
MyFitFuel MFF Whey Protein 80 Whey Protein,4.2,1359,"7,209","7,799",7
Zemaica Healthcare Max Height Natural & Ayurvedic Supplement Vanilla Flavor Pack of 1,3.9,199,599,"1,999",70
DEHLVI Khamira Gawzaban Ambari Jawaharwala (250g),4.4,11,741,780,5
"AXIOM Ashwagandha Leaf Juice | Immunity Booster | Get Slim |100% Natural WHO GMP, GLP, ISO Certified Natural Products | No added Water | No Added Sugar",4.1,231,365,440,17
"Naturewell Pack of 2 Moringa Leaf Powder Natural, Bio-Protein Superfood (250 Gram Each)",3.9,15,265,899,70
CBM Bulk Mass Hard Core Gainer Strawberry Weight Gainers/Mass Gainers,4.3,14,849,"2,199",61
Shuddhi Ayurveda Lungs Care Package (Pack of 5 Products),4,404,"5,100","2,999",58
ADVANCE MUSCLEMASS Weight Gainer with Enzyme Blend | 5.1 G Protein | 25.3 G Carbs |Whey Protein Weight Gainers/Mass Gainers,3.9,4615,649,"1,300",50
NATURAL AND HERBAL PRODUCTS Neem Leaves Powder for Diabetes | Drink | Fever | Eating | Immunity Booster,4.5,6,192,599,67
"Bjain OMEO SLEEP , Drops",4.7,3,142,150,5
Naturewell Organics Moringa Leaf Powder for Weight Loss-Super Food Dietary Supplement,4.2,45,600,"1,196",49
Signia Hearing Aid Battery 13- Pack of 42 Batteries 10966599-Hear.com Stethoscope Case,4,18,679,"2,142",68
SBL Hydrastis Canadensis Q Mother Tincture,4.3,47,360,405,11
Dr.Willmar Schwabe India Alfalfa Q Mother Tincture,4.2,14,270,315,14
Ecommercehub 400 ML Hot & Cold Pack,4.2,793,207,299,30
Optify Monthly Disposable,4.2,13,248,499,50
GNC AMP Amplified Mass XXX with Branched Chain Amino Acids & Creatine Whey Protein,5,3,"3,249","4,999",35
Nature Sure Premium Kalonji Tablets (Black Seed/ Nigella sativa) – 2 Packs,4,208,514,790,34
wexcare Vitamin E 400IU For Face Hair Pimple Glowing Skin & hair care - 30 Capsules,4.1,599,184,207,11
"SHARRETS NUTRITIONS Sharrets Nutritions Sharrets Lean - Pure Garcinia Cambogia ,60% Hca Sharrets Nutritions Sharrets Lean - Pure Garcinia Cambogia ,60% Hca {Supports Weight Loss And Curbs Appetite, Superior Absorption} Non Gmo -Gluten Free : 2 x 60 Capsules",4.4,8,480,890,46
"Greeniche Garcinia Cambogia, Green Coffee Extract for Weight Loss - 30 Capsules",4.2,435,269,619,56
Dr. Reckeweg R16-Migraine & Neuralgia Drops,4.4,178,495,540,8
Naturewell Organic Moringa Leaf Powder for Weight Loss-Super Food Dietary Supplement,3.9,543,190,299,36
HERBALIFE Afresh Energy Drink Cinnamon And Tulsi Flavour Energy Drink,4.2,18,999,"1,696",41
SCORTIS HEALTH CARE Ayurvedic Winton Syrup (200ML) + Wintone Tablet (50 Tablet) for Focus + Brain Supplement & Memory Supports Focus Concentration & Alertness,5,4,254,283,10
Optify Monthly Disposable,3.5,256,179,599,70
Osoaa Mass Gainer Powder with high Calorie Weight/Mass Gain Powder/Supplement Weight Gainers/Mass Gainers,4,238,"1,139","1,599",28
Tansukh Talisadi Churna | Ayurvedic Herbal Product | 60 G X 3 | Pack Of 3,4.6,60,205,240,14
Vogue Wellness Brain Tonic Andro Plus Brain Booster Supplement Pack Of 3,4.6,14,"1,135","2,994",62
eTrack Back Pain Relief Products | Spinal Curve Back Stretcher Back Support,3.7,192,247,999,75
NutraFirst Garcinia Cambogia Extract for Weight Loss 100% Natural 1B,4.1,3477,378,"1,199",68
"HIMALAYA A Combo natural & herbal Product Pilex Forte Ointment help in Surgical problem With Nature Lite NATURE+IMMUNE+KWATH (just add to hot water,milk or tea) {Pilex shrinks pile mass, controls bleeding and heals inflamed skin and the mucus membrane. offers symptomatic relief from rectal bleeding, pain, itchiness and corrects chronic constipation associated with hemorrhoids.} (PACK OF 2)",3.9,40,240,250,4
"HERBALIFE Formula 1-Nutritional shake Mix, Strawberry & Kulfi Flavor Nutrition Bars",4.3,302,"2,595","4,552",42
Optify Monthly Disposable,3.9,918,449,"1,199",62
"Greeniche Thermogenic Fat Burner with L-Carnitine, Garcinia, Green Coffee & Tea- 30 Caps",4.3,968,299,699,57
Austro multivitamin 809,4.4,20,315,420,25
Omkara Hills Panch Tulsi Drops,4.1,54,199,249,20
Vogue Wellness Andro Plus Brain Tonic Brain Booster Supplement Pack Of 2,4.6,14,749,"1,996",62
curae health Slimology Fat burner Weight Loss product men women Garcinia Cambogia,4,170,599,"1,599",62
MyFitFuel MFF Whey Protein 90 Isolate Whey Protein,4,151,"4,979","5,949",16
"Shuddhi Ayurveda Hormone Package For Hormonal Problems, Hormonal Imbalance Remedy, Female Problem Natural Solution, PCOD & Fertility Problems (Package of 5 Products)",4.2,645,"4,800",540,10
"Vedapure Plant Protein Based with MCT Powder & Ayurvedic Herbs, Lean Protein | Chocolate Plant-Based Protein",3.8,74,798,"1,999",60
muscle on fire weight & muscle gainer protein Weight Gainers/Mass Gainers,4.4,26,"1,499","3,999",62
Anva Premium Posture Corrector | Back Pain Relief for Men and Women Back Support,2.7,6,499,"1,999",75
Rikhi Mega Mass Powder Weight Gainers/Mass Gainers,3.9,7,330,550,40
SBL Daphne Indica 200 CH Dilution,3.9,23,283,315,10
Himalayan Organics Plant Based Calcium Complex - Best Whole Food Supplement for Bone Health,4.3,86,649,965,32
New Shama Badam Prash (1kg),4.4,41,710,860,17
NATURAL AND HERBAL PRODUCTS Arjuna Powder Tea | Arjun Chhal | Arjun Tree for Drink | Diabetes | Weight Loss,4.1,10,179,599,70
Prolieve Medium Rubber Hot Water Heating Pad Bag for Pain Relief (1 Pc) Non Electrical 1000 ml Hot Water Bag,3.9,15,238,399,40
Inlife Keto Slimming Capsules Garcinia Cambogia Weight Loss Supplement � 90 Veg Capsules,3.4,47,401,990,59
"HIMALAYA A natural & herbal Product Bone & Joint Wellness Combo (Hadjod & Shallaki) Tablets Help in Reduces pain and inflammation & Strengthens bones With Nature Lite NATURE+IMMUNE+KWATH (just add to hot water,milk or tea) (Pack Of 2)",4.5,4,414,465,10
HIMALAYA Brahmi Tablet,4.4,10,198,200,1
Bjain Bacopa Monnieri Q Mother Tincture,4.2,2652,249,300,17
Naturewell Organic Moringa Leaf Powder for Weight Loss-Super Food Dietary Supplement,3.9,543,384,"1,196",67
Optify Yearly Disposable,3.6,79,899,999,10
"Health Ayurveda Slim Fit Sutra, Body Weight Loss, Ayurvedic Product, Fat, Capsule, Pack of 1 Whey Protein",5,4,199,"1,999",90
inlazer Boost XXX Capsules Weight Gain Products Strong Body Protein Supplement Weight Gainers/Mass Gainers,3.6,23,269,999,73
Hindustan Ayurveda Speed Growth Height Increase Medicine Capsules Pack Of 3 Weight Gainers/Mass Gainers,3.6,30,"1,999","5,997",66
Space Organics Hriday Guard Regulates Blood Pressure and Improves Heart Function (60 Capsules),4.3,3,250,"1,000",75
ADVANCE MUSCLEMASS Weight Gainer with Enzyme Blend | 5.1 G Protein | 25.3 G Carbs | Raw Whey from USA Weight Gainers/Mass Gainers,3.9,4615,"1,649","3,800",56
Optify Monthly Disposable,3.9,918,359,"1,199",70
US KART Weight Gainer for women with High Protein Muscle Formula Weight Gainers/Mass Gainers,3.9,279,599,"1,499",60
Bjain Iodium 200 CH Dilution,4.7,3,171,190,10
Naturewell Psyllium Husk (Isabgol Bhusi) Sat isabgol - Fibre Support,4.3,18,189,249,24
"Zemaica Healthcare Sfido, Piles Cure, Ayurvedic Product, Pain Piles, Flavor Orange, Pack of 1 Energy Bars",3.9,832,399,"1,999",80
Wellona Garcinia Cambogia 800mg with 60% HCA Per Serving,4,110,424,"1,299",67
Rex Khamira Abresham Hakim Arshad Wala (200g),4.1,7,907,955,5
ZANDU Zandopa Powder PACK OF 2,4.1,63,465,480,3
FYTIKA HEALTHCARE PRODUCTS Omega 1000 EPA(360mg) + DHA(240mg) Enriched Omega 3 Fatty Acid Softgel Capsule,4.7,18,"1,249","1,998",37
Nature Sure Premium Kalonji Tablets (Pure Blackseed/ Nigella extract),4,208,277,395,29
SBL Tranquil Tablets,4.6,53,229,315,27
CORE NUTRITION Muscle Transform Platinum Protein Powder Support Weight Loss Muscle Recovery Whey Protein,3.8,175,"4,875","6,499",24
21 again Meal Replacement Shakes | Slim Shake | For Healthy Weight Management,3.9,14,499,599,16
SBL Ignatia Amara 200CH Liquid,4.4,13,423,470,10
69 Products Power Gold Capsules Jack Big Metro Plus Herbal for Men Improve Long Time,4.5,19,575,"2,800",79
"Hindustan Ayurveda XXX Power, Ayurvedic Product, Energy Strength, 100 gm, Pack of 1",3.8,131,169,"1,999",91
Optify Monthly Disposable,3.7,3,202,499,59
SBL Hypericum Perforatum 200 CH Dilution,4,2,256,315,18
Dr. Reckeweg R36-Diseases Of The Nerves Drops,4.3,21,495,540,8
